Origin,Destination,Approved
INCOZ - NFFN,INCOZ - NFFN,False
INCOZ - NZAA,INCOZ - NFFN,False
INCOZ - NZCH,INCOZ - NFFN,False
INCOZ - NZGS,INCOZ - NFFN,False
INCOZ - NZMF,INCOZ - NFFN,False
INCOZ - NZMJ,INCOZ - NFFN,False
INCOZ - NZNS,INCOZ - NFFN,False
INCOZ - NZNV,INCOZ - NFFN,False
INCOZ - NZQE,INCOZ - NFFN,False
INCOZ - NZQN,INCOZ - NFFN,False
INCOZ - NZRO,INCOZ - NFFN,False
INCOZ - NZTL,INCOZ - NFFN,False
INCOZ - NZWN,INCOZ - NFFN,False
INCOZ - NZWR,INCOZ - NFFN,False
INCOZ - NZWS,INCOZ - NFFN,False
INCOZ - RJAA,INCOZ - NFFN,False
INCOZ - RJCC,INCOZ - NFFN,False
INCOZ - RJOA,INCOZ - NFFN,False
INCOZ - RJOO,INCOZ - NFFN,False
INCOZ - RKPK,INCOZ - NFFN,False
INCOZ - RKSI,INCOZ - NFFN,False
INCOZ - VHHH,INCOZ - NFFN,False
INCOZ - VHHX,INCOZ - NFFN,False
INCOZ - VNKT,INCOZ - NFFN,False
INCOZ - WADD,INCOZ - NFFN,False
INCOZ - WSSS,INCOZ - NFFN,False
INCOZ - YBBN,INCOZ - NFFN,False
INCOZ - YBCG,INCOZ - NFFN,False
INCOZ - YBHM,INCOZ - NFFN,False
INCOZ - YBMK,INCOZ - NFFN,False
INCOZ - YBRK,INCOZ - NFFN,False
INCOZ - YBSU,INCOZ - NFFN,False
INCOZ - YMHB,INCOZ - NFFN,False
INCOZ - YMLT,INCOZ - NFFN,False
INCOZ - YMML,INCOZ - NFFN,False
INCOZ - YPAD,INCOZ - NFFN,False
INCOZ - YPPH,INCOZ - NFFN,False
INCOZ - YSCB,INCOZ - NFFN,False
INCOZ - YSSY,INCOZ - NFFN,False
INCOZ - NFFN,INCOZ - NZAA,False
INCOZ - NZAA,INCOZ - NZAA,False
INCOZ - NZCH,INCOZ - NZAA,False
INCOZ - NZGS,INCOZ - NZAA,False
INCOZ - NZMF,INCOZ - NZAA,False
INCOZ - NZMJ,INCOZ - NZAA,False
INCOZ - NZNS,INCOZ - NZAA,False
INCOZ - NZNV,INCOZ - NZAA,False
INCOZ - NZQE,INCOZ - NZAA,False
INCOZ - NZQN,INCOZ - NZAA,False
INCOZ - NZRO,INCOZ - NZAA,False
INCOZ - NZTL,INCOZ - NZAA,False
INCOZ - NZWN,INCOZ - NZAA,False
INCOZ - NZWR,INCOZ - NZAA,False
INCOZ - NZWS,INCOZ - NZAA,False
INCOZ - RJAA,INCOZ - NZAA,False
INCOZ - RJCC,INCOZ - NZAA,False
INCOZ - RJOA,INCOZ - NZAA,False
INCOZ - RJOO,INCOZ - NZAA,False
INCOZ - RKPK,INCOZ - NZAA,False
INCOZ - RKSI,INCOZ - NZAA,False
INCOZ - VHHH,INCOZ - NZAA,False
INCOZ - VHHX,INCOZ - NZAA,False
INCOZ - VNKT,INCOZ - NZAA,False
INCOZ - WADD,INCOZ - NZAA,False
INCOZ - WSSS,INCOZ - NZAA,False
INCOZ - YBBN,INCOZ - NZAA,False
INCOZ - YBCG,INCOZ - NZAA,False
INCOZ - YBHM,INCOZ - NZAA,False
INCOZ - YBMK,INCOZ - NZAA,False
INCOZ - YBRK,INCOZ - NZAA,False
INCOZ - YBSU,INCOZ - NZAA,False
INCOZ - YMHB,INCOZ - NZAA,False
INCOZ - YMLT,INCOZ - NZAA,False
INCOZ - YMML,INCOZ - NZAA,False
INCOZ - YPAD,INCOZ - NZAA,False
INCOZ - YPPH,INCOZ - NZAA,False
INCOZ - YSCB,INCOZ - NZAA,False
INCOZ - YSSY,INCOZ - NZAA,False
INCOZ - NFFN,INCOZ - NZCH,False
INCOZ - NZAA,INCOZ - NZCH,False
INCOZ - NZCH,INCOZ - NZCH,False
INCOZ - NZGS,INCOZ - NZCH,True
INCOZ - NZMF,INCOZ - NZCH,True
INCOZ - NZMJ,INCOZ - NZCH,True
INCOZ - NZNS,INCOZ - NZCH,True
INCOZ - NZNV,INCOZ - NZCH,False
INCOZ - NZQE,INCOZ - NZCH,True
INCOZ - NZQN,INCOZ - NZCH,False
INCOZ - NZRO,INCOZ - NZCH,True
INCOZ - NZTL,INCOZ - NZCH,True
INCOZ - NZWN,INCOZ - NZCH,False
INCOZ - NZWR,INCOZ - NZCH,True
INCOZ - NZWS,INCOZ - NZCH,True
INCOZ - RJAA,INCOZ - NZCH,False
INCOZ - RJCC,INCOZ - NZCH,False
INCOZ - RJOA,INCOZ - NZCH,False
INCOZ - RJOO,INCOZ - NZCH,False
INCOZ - RKPK,INCOZ - NZCH,False
INCOZ - RKSI,INCOZ - NZCH,False
INCOZ - VHHH,INCOZ - NZCH,False
INCOZ - VHHX,INCOZ - NZCH,False
INCOZ - VNKT,INCOZ - NZCH,False
INCOZ - WADD,INCOZ - NZCH,False
INCOZ - WSSS,INCOZ - NZCH,False
INCOZ - YBBN,INCOZ - NZCH,False
INCOZ - YBCG,INCOZ - NZCH,False
INCOZ - YBHM,INCOZ - NZCH,False
INCOZ - YBMK,INCOZ - NZCH,False
INCOZ - YBRK,INCOZ - NZCH,False
INCOZ - YBSU,INCOZ - NZCH,False
INCOZ - YMHB,INCOZ - NZCH,False
INCOZ - YMLT,INCOZ - NZCH,False
INCOZ - YMML,INCOZ - NZCH,False
INCOZ - YPAD,INCOZ - NZCH,False
INCOZ - YPPH,INCOZ - NZCH,False
INCOZ - YSCB,INCOZ - NZCH,False
INCOZ - YSSY,INCOZ - NZCH,False
INCOZ - NFFN,INCOZ - NZGS,False
INCOZ - NZAA,INCOZ - NZGS,False
INCOZ - NZCH,INCOZ - NZGS,True
INCOZ - NZGS,INCOZ - NZGS,False
INCOZ - NZMF,INCOZ - NZGS,False
INCOZ - NZMJ,INCOZ - NZGS,False
INCOZ - NZNS,INCOZ - NZGS,False
INCOZ - NZNV,INCOZ - NZGS,False
INCOZ - NZQE,INCOZ - NZGS,False
INCOZ - NZQN,INCOZ - NZGS,False
INCOZ - NZRO,INCOZ - NZGS,False
INCOZ - NZTL,INCOZ - NZGS,False
INCOZ - NZWN,INCOZ - NZGS,False
INCOZ - NZWR,INCOZ - NZGS,False
INCOZ - NZWS,INCOZ - NZGS,False
INCOZ - RJAA,INCOZ - NZGS,False
INCOZ - RJCC,INCOZ - NZGS,False
INCOZ - RJOA,INCOZ - NZGS,False
INCOZ - RJOO,INCOZ - NZGS,False
INCOZ - RKPK,INCOZ - NZGS,False
INCOZ - RKSI,INCOZ - NZGS,False
INCOZ - VHHH,INCOZ - NZGS,False
INCOZ - VHHX,INCOZ - NZGS,False
INCOZ - VNKT,INCOZ - NZGS,False
INCOZ - WADD,INCOZ - NZGS,False
INCOZ - WSSS,INCOZ - NZGS,False
INCOZ - YBBN,INCOZ - NZGS,False
INCOZ - YBCG,INCOZ - NZGS,False
INCOZ - YBHM,INCOZ - NZGS,False
INCOZ - YBMK,INCOZ - NZGS,False
INCOZ - YBRK,INCOZ - NZGS,False
INCOZ - YBSU,INCOZ - NZGS,False
INCOZ - YMHB,INCOZ - NZGS,False
INCOZ - YMLT,INCOZ - NZGS,False
INCOZ - YMML,INCOZ - NZGS,False
INCOZ - YPAD,INCOZ - NZGS,False
INCOZ - YPPH,INCOZ - NZGS,False
INCOZ - YSCB,INCOZ - NZGS,False
INCOZ - YSSY,INCOZ - NZGS,False
INCOZ - NFFN,INCOZ - NZMF,False
INCOZ - NZAA,INCOZ - NZMF,False
INCOZ - NZCH,INCOZ - NZMF,True
INCOZ - NZGS,INCOZ - NZMF,False
INCOZ - NZMF,INCOZ - NZMF,False
INCOZ - NZMJ,INCOZ - NZMF,False
INCOZ - NZNS,INCOZ - NZMF,False
INCOZ - NZNV,INCOZ - NZMF,False
INCOZ - NZQE,INCOZ - NZMF,False
INCOZ - NZQN,INCOZ - NZMF,False
INCOZ - NZRO,INCOZ - NZMF,False
INCOZ - NZTL,INCOZ - NZMF,False
INCOZ - NZWN,INCOZ - NZMF,False
INCOZ - NZWR,INCOZ - NZMF,False
INCOZ - NZWS,INCOZ - NZMF,False
INCOZ - RJAA,INCOZ - NZMF,False
INCOZ - RJCC,INCOZ - NZMF,False
INCOZ - RJOA,INCOZ - NZMF,False
INCOZ - RJOO,INCOZ - NZMF,False
INCOZ - RKPK,INCOZ - NZMF,False
INCOZ - RKSI,INCOZ - NZMF,False
INCOZ - VHHH,INCOZ - NZMF,False
INCOZ - VHHX,INCOZ - NZMF,False
INCOZ - VNKT,INCOZ - NZMF,False
INCOZ - WADD,INCOZ - NZMF,False
INCOZ - WSSS,INCOZ - NZMF,False
INCOZ - YBBN,INCOZ - NZMF,False
INCOZ - YBCG,INCOZ - NZMF,False
INCOZ - YBHM,INCOZ - NZMF,False
INCOZ - YBMK,INCOZ - NZMF,False
INCOZ - YBRK,INCOZ - NZMF,False
INCOZ - YBSU,INCOZ - NZMF,False
INCOZ - YMHB,INCOZ - NZMF,False
INCOZ - YMLT,INCOZ - NZMF,False
INCOZ - YMML,INCOZ - NZMF,False
INCOZ - YPAD,INCOZ - NZMF,False
INCOZ - YPPH,INCOZ - NZMF,False
INCOZ - YSCB,INCOZ - NZMF,False
INCOZ - YSSY,INCOZ - NZMF,False
INCOZ - NFFN,INCOZ - NZMJ,False
INCOZ - NZAA,INCOZ - NZMJ,False
INCOZ - NZCH,INCOZ - NZMJ,True
INCOZ - NZGS,INCOZ - NZMJ,False
INCOZ - NZMF,INCOZ - NZMJ,False
INCOZ - NZMJ,INCOZ - NZMJ,False
INCOZ - NZNS,INCOZ - NZMJ,False
INCOZ - NZNV,INCOZ - NZMJ,False
INCOZ - NZQE,INCOZ - NZMJ,False
INCOZ - NZQN,INCOZ - NZMJ,False
INCOZ - NZRO,INCOZ - NZMJ,False
INCOZ - NZTL,INCOZ - NZMJ,False
INCOZ - NZWN,INCOZ - NZMJ,False
INCOZ - NZWR,INCOZ - NZMJ,False
INCOZ - NZWS,INCOZ - NZMJ,False
INCOZ - RJAA,INCOZ - NZMJ,False
INCOZ - RJCC,INCOZ - NZMJ,False
INCOZ - RJOA,INCOZ - NZMJ,False
INCOZ - RJOO,INCOZ - NZMJ,False
INCOZ - RKPK,INCOZ - NZMJ,False
INCOZ - RKSI,INCOZ - NZMJ,False
INCOZ - VHHH,INCOZ - NZMJ,False
INCOZ - VHHX,INCOZ - NZMJ,False
INCOZ - VNKT,INCOZ - NZMJ,False
INCOZ - WADD,INCOZ - NZMJ,False
INCOZ - WSSS,INCOZ - NZMJ,False
INCOZ - YBBN,INCOZ - NZMJ,False
INCOZ - YBCG,INCOZ - NZMJ,False
INCOZ - YBHM,INCOZ - NZMJ,False
INCOZ - YBMK,INCOZ - NZMJ,False
INCOZ - YBRK,INCOZ - NZMJ,False
INCOZ - YBSU,INCOZ - NZMJ,False
INCOZ - YMHB,INCOZ - NZMJ,False
INCOZ - YMLT,INCOZ - NZMJ,False
INCOZ - YMML,INCOZ - NZMJ,False
INCOZ - YPAD,INCOZ - NZMJ,False
INCOZ - YPPH,INCOZ - NZMJ,False
INCOZ - YSCB,INCOZ - NZMJ,False
INCOZ - YSSY,INCOZ - NZMJ,False
INCOZ - NFFN,INCOZ - NZNS,False
INCOZ - NZAA,INCOZ - NZNS,False
INCOZ - NZCH,INCOZ - NZNS,True
INCOZ - NZGS,INCOZ - NZNS,False
INCOZ - NZMF,INCOZ - NZNS,False
INCOZ - NZMJ,INCOZ - NZNS,False
INCOZ - NZNS,INCOZ - NZNS,False
INCOZ - NZNV,INCOZ - NZNS,False
INCOZ - NZQE,INCOZ - NZNS,False
INCOZ - NZQN,INCOZ - NZNS,False
INCOZ - NZRO,INCOZ - NZNS,False
INCOZ - NZTL,INCOZ - NZNS,False
INCOZ - NZWN,INCOZ - NZNS,False
INCOZ - NZWR,INCOZ - NZNS,False
INCOZ - NZWS,INCOZ - NZNS,False
INCOZ - RJAA,INCOZ - NZNS,False
INCOZ - RJCC,INCOZ - NZNS,False
INCOZ - RJOA,INCOZ - NZNS,False
INCOZ - RJOO,INCOZ - NZNS,False
INCOZ - RKPK,INCOZ - NZNS,False
INCOZ - RKSI,INCOZ - NZNS,False
INCOZ - VHHH,INCOZ - NZNS,False
INCOZ - VHHX,INCOZ - NZNS,False
INCOZ - VNKT,INCOZ - NZNS,False
INCOZ - WADD,INCOZ - NZNS,False
INCOZ - WSSS,INCOZ - NZNS,False
INCOZ - YBBN,INCOZ - NZNS,False
INCOZ - YBCG,INCOZ - NZNS,False
INCOZ - YBHM,INCOZ - NZNS,False
INCOZ - YBMK,INCOZ - NZNS,False
INCOZ - YBRK,INCOZ - NZNS,False
INCOZ - YBSU,INCOZ - NZNS,False
INCOZ - YMHB,INCOZ - NZNS,False
INCOZ - YMLT,INCOZ - NZNS,False
INCOZ - YMML,INCOZ - NZNS,False
INCOZ - YPAD,INCOZ - NZNS,False
INCOZ - YPPH,INCOZ - NZNS,False
INCOZ - YSCB,INCOZ - NZNS,False
INCOZ - YSSY,INCOZ - NZNS,False
INCOZ - NFFN,INCOZ - NZNV,False
INCOZ - NZAA,INCOZ - NZNV,False
INCOZ - NZCH,INCOZ - NZNV,False
INCOZ - NZGS,INCOZ - NZNV,False
INCOZ - NZMF,INCOZ - NZNV,False
INCOZ - NZMJ,INCOZ - NZNV,False
INCOZ - NZNS,INCOZ - NZNV,False
INCOZ - NZNV,INCOZ - NZNV,False
INCOZ - NZQE,INCOZ - NZNV,False
INCOZ - NZQN,INCOZ - NZNV,False
INCOZ - NZRO,INCOZ - NZNV,False
INCOZ - NZTL,INCOZ - NZNV,False
INCOZ - NZWN,INCOZ - NZNV,False
INCOZ - NZWR,INCOZ - NZNV,False
INCOZ - NZWS,INCOZ - NZNV,False
INCOZ - RJAA,INCOZ - NZNV,False
INCOZ - RJCC,INCOZ - NZNV,False
INCOZ - RJOA,INCOZ - NZNV,False
INCOZ - RJOO,INCOZ - NZNV,False
INCOZ - RKPK,INCOZ - NZNV,False
INCOZ - RKSI,INCOZ - NZNV,False
INCOZ - VHHH,INCOZ - NZNV,False
INCOZ - VHHX,INCOZ - NZNV,False
INCOZ - VNKT,INCOZ - NZNV,False
INCOZ - WADD,INCOZ - NZNV,False
INCOZ - WSSS,INCOZ - NZNV,False
INCOZ - YBBN,INCOZ - NZNV,False
INCOZ - YBCG,INCOZ - NZNV,False
INCOZ - YBHM,INCOZ - NZNV,False
INCOZ - YBMK,INCOZ - NZNV,False
INCOZ - YBRK,INCOZ - NZNV,False
INCOZ - YBSU,INCOZ - NZNV,False
INCOZ - YMHB,INCOZ - NZNV,False
INCOZ - YMLT,INCOZ - NZNV,False
INCOZ - YMML,INCOZ - NZNV,False
INCOZ - YPAD,INCOZ - NZNV,False
INCOZ - YPPH,INCOZ - NZNV,False
INCOZ - YSCB,INCOZ - NZNV,False
INCOZ - YSSY,INCOZ - NZNV,False
INCOZ - NFFN,INCOZ - NZQE,False
INCOZ - NZAA,INCOZ - NZQE,False
INCOZ - NZCH,INCOZ - NZQE,True
INCOZ - NZGS,INCOZ - NZQE,False
INCOZ - NZMF,INCOZ - NZQE,False
INCOZ - NZMJ,INCOZ - NZQE,False
INCOZ - NZNS,INCOZ - NZQE,False
INCOZ - NZNV,INCOZ - NZQE,False
INCOZ - NZQE,INCOZ - NZQE,False
INCOZ - NZQN,INCOZ - NZQE,False
INCOZ - NZRO,INCOZ - NZQE,False
INCOZ - NZTL,INCOZ - NZQE,False
INCOZ - NZWN,INCOZ - NZQE,False
INCOZ - NZWR,INCOZ - NZQE,False
INCOZ - NZWS,INCOZ - NZQE,False
INCOZ - RJAA,INCOZ - NZQE,False
INCOZ - RJCC,INCOZ - NZQE,False
INCOZ - RJOA,INCOZ - NZQE,False
INCOZ - RJOO,INCOZ - NZQE,False
INCOZ - RKPK,INCOZ - NZQE,False
INCOZ - RKSI,INCOZ - NZQE,False
INCOZ - VHHH,INCOZ - NZQE,False
INCOZ - VHHX,INCOZ - NZQE,False
INCOZ - VNKT,INCOZ - NZQE,False
INCOZ - WADD,INCOZ - NZQE,False
INCOZ - WSSS,INCOZ - NZQE,False
INCOZ - YBBN,INCOZ - NZQE,False
INCOZ - YBCG,INCOZ - NZQE,False
INCOZ - YBHM,INCOZ - NZQE,False
INCOZ - YBMK,INCOZ - NZQE,False
INCOZ - YBRK,INCOZ - NZQE,False
INCOZ - YBSU,INCOZ - NZQE,False
INCOZ - YMHB,INCOZ - NZQE,False
INCOZ - YMLT,INCOZ - NZQE,False
INCOZ - YMML,INCOZ - NZQE,False
INCOZ - YPAD,INCOZ - NZQE,False
INCOZ - YPPH,INCOZ - NZQE,False
INCOZ - YSCB,INCOZ - NZQE,False
INCOZ - YSSY,INCOZ - NZQE,False
INCOZ - NFFN,INCOZ - NZQN,False
INCOZ - NZAA,INCOZ - NZQN,False
INCOZ - NZCH,INCOZ - NZQN,False
INCOZ - NZGS,INCOZ - NZQN,False
INCOZ - NZMF,INCOZ - NZQN,False
INCOZ - NZMJ,INCOZ - NZQN,False
INCOZ - NZNS,INCOZ - NZQN,False
INCOZ - NZNV,INCOZ - NZQN,False
INCOZ - NZQE,INCOZ - NZQN,False
INCOZ - NZQN,INCOZ - NZQN,False
INCOZ - NZRO,INCOZ - NZQN,False
INCOZ - NZTL,INCOZ - NZQN,False
INCOZ - NZWN,INCOZ - NZQN,False
INCOZ - NZWR,INCOZ - NZQN,False
INCOZ - NZWS,INCOZ - NZQN,False
INCOZ - RJAA,INCOZ - NZQN,False
INCOZ - RJCC,INCOZ - NZQN,False
INCOZ - RJOA,INCOZ - NZQN,False
INCOZ - RJOO,INCOZ - NZQN,False
INCOZ - RKPK,INCOZ - NZQN,False
INCOZ - RKSI,INCOZ - NZQN,False
INCOZ - VHHH,INCOZ - NZQN,False
INCOZ - VHHX,INCOZ - NZQN,False
INCOZ - VNKT,INCOZ - NZQN,False
INCOZ - WADD,INCOZ - NZQN,False
INCOZ - WSSS,INCOZ - NZQN,False
INCOZ - YBBN,INCOZ - NZQN,False
INCOZ - YBCG,INCOZ - NZQN,False
INCOZ - YBHM,INCOZ - NZQN,False
INCOZ - YBMK,INCOZ - NZQN,False
INCOZ - YBRK,INCOZ - NZQN,False
INCOZ - YBSU,INCOZ - NZQN,False
INCOZ - YMHB,INCOZ - NZQN,False
INCOZ - YMLT,INCOZ - NZQN,False
INCOZ - YMML,INCOZ - NZQN,False
INCOZ - YPAD,INCOZ - NZQN,False
INCOZ - YPPH,INCOZ - NZQN,False
INCOZ - YSCB,INCOZ - NZQN,False
INCOZ - YSSY,INCOZ - NZQN,False
INCOZ - NFFN,INCOZ - NZRO,False
INCOZ - NZAA,INCOZ - NZRO,False
INCOZ - NZCH,INCOZ - NZRO,True
INCOZ - NZGS,INCOZ - NZRO,False
INCOZ - NZMF,INCOZ - NZRO,False
INCOZ - NZMJ,INCOZ - NZRO,False
INCOZ - NZNS,INCOZ - NZRO,False
INCOZ - NZNV,INCOZ - NZRO,False
INCOZ - NZQE,INCOZ - NZRO,False
INCOZ - NZQN,INCOZ - NZRO,False
INCOZ - NZRO,INCOZ - NZRO,False
INCOZ - NZTL,INCOZ - NZRO,False
INCOZ - NZWN,INCOZ - NZRO,False
INCOZ - NZWR,INCOZ - NZRO,False
INCOZ - NZWS,INCOZ - NZRO,False
INCOZ - RJAA,INCOZ - NZRO,False
INCOZ - RJCC,INCOZ - NZRO,False
INCOZ - RJOA,INCOZ - NZRO,False
INCOZ - RJOO,INCOZ - NZRO,False
INCOZ - RKPK,INCOZ - NZRO,False
INCOZ - RKSI,INCOZ - NZRO,False
INCOZ - VHHH,INCOZ - NZRO,False
INCOZ - VHHX,INCOZ - NZRO,False
INCOZ - VNKT,INCOZ - NZRO,False
INCOZ - WADD,INCOZ - NZRO,False
INCOZ - WSSS,INCOZ - NZRO,False
INCOZ - YBBN,INCOZ - NZRO,False
INCOZ - YBCG,INCOZ - NZRO,False
INCOZ - YBHM,INCOZ - NZRO,False
INCOZ - YBMK,INCOZ - NZRO,False
INCOZ - YBRK,INCOZ - NZRO,False
INCOZ - YBSU,INCOZ - NZRO,False
INCOZ - YMHB,INCOZ - NZRO,False
INCOZ - YMLT,INCOZ - NZRO,False
INCOZ - YMML,INCOZ - NZRO,False
INCOZ - YPAD,INCOZ - NZRO,False
INCOZ - YPPH,INCOZ - NZRO,False
INCOZ - YSCB,INCOZ - NZRO,False
INCOZ - YSSY,INCOZ - NZRO,False
INCOZ - NFFN,INCOZ - NZTL,False
INCOZ - NZAA,INCOZ - NZTL,False
INCOZ - NZCH,INCOZ - NZTL,True
INCOZ - NZGS,INCOZ - NZTL,False
INCOZ - NZMF,INCOZ - NZTL,False
INCOZ - NZMJ,INCOZ - NZTL,False
INCOZ - NZNS,INCOZ - NZTL,False
INCOZ - NZNV,INCOZ - NZTL,False
INCOZ - NZQE,INCOZ - NZTL,False
INCOZ - NZQN,INCOZ - NZTL,False
INCOZ - NZRO,INCOZ - NZTL,False
INCOZ - NZTL,INCOZ - NZTL,False
INCOZ - NZWN,INCOZ - NZTL,False
INCOZ - NZWR,INCOZ - NZTL,False
INCOZ - NZWS,INCOZ - NZTL,False
INCOZ - RJAA,INCOZ - NZTL,False
INCOZ - RJCC,INCOZ - NZTL,False
INCOZ - RJOA,INCOZ - NZTL,False
INCOZ - RJOO,INCOZ - NZTL,False
INCOZ - RKPK,INCOZ - NZTL,False
INCOZ - RKSI,INCOZ - NZTL,False
INCOZ - VHHH,INCOZ - NZTL,False
INCOZ - VHHX,INCOZ - NZTL,False
INCOZ - VNKT,INCOZ - NZTL,False
INCOZ - WADD,INCOZ - NZTL,False
INCOZ - WSSS,INCOZ - NZTL,False
INCOZ - YBBN,INCOZ - NZTL,False
INCOZ - YBCG,INCOZ - NZTL,False
INCOZ - YBHM,INCOZ - NZTL,False
INCOZ - YBMK,INCOZ - NZTL,False
INCOZ - YBRK,INCOZ - NZTL,False
INCOZ - YBSU,INCOZ - NZTL,False
INCOZ - YMHB,INCOZ - NZTL,False
INCOZ - YMLT,INCOZ - NZTL,False
INCOZ - YMML,INCOZ - NZTL,False
INCOZ - YPAD,INCOZ - NZTL,False
INCOZ - YPPH,INCOZ - NZTL,False
INCOZ - YSCB,INCOZ - NZTL,False
INCOZ - YSSY,INCOZ - NZTL,False
INCOZ - NFFN,INCOZ - NZWN,False
INCOZ - NZAA,INCOZ - NZWN,False
INCOZ - NZCH,INCOZ - NZWN,False
INCOZ - NZGS,INCOZ - NZWN,False
INCOZ - NZMF,INCOZ - NZWN,False
INCOZ - NZMJ,INCOZ - NZWN,False
INCOZ - NZNS,INCOZ - NZWN,False
INCOZ - NZNV,INCOZ - NZWN,False
INCOZ - NZQE,INCOZ - NZWN,False
INCOZ - NZQN,INCOZ - NZWN,False
INCOZ - NZRO,INCOZ - NZWN,False
INCOZ - NZTL,INCOZ - NZWN,False
INCOZ - NZWN,INCOZ - NZWN,False
INCOZ - NZWR,INCOZ - NZWN,False
INCOZ - NZWS,INCOZ - NZWN,False
INCOZ - RJAA,INCOZ - NZWN,False
INCOZ - RJCC,INCOZ - NZWN,False
INCOZ - RJOA,INCOZ - NZWN,False
INCOZ - RJOO,INCOZ - NZWN,False
INCOZ - RKPK,INCOZ - NZWN,False
INCOZ - RKSI,INCOZ - NZWN,False
INCOZ - VHHH,INCOZ - NZWN,False
INCOZ - VHHX,INCOZ - NZWN,False
INCOZ - VNKT,INCOZ - NZWN,False
INCOZ - WADD,INCOZ - NZWN,False
INCOZ - WSSS,INCOZ - NZWN,False
INCOZ - YBBN,INCOZ - NZWN,False
INCOZ - YBCG,INCOZ - NZWN,False
INCOZ - YBHM,INCOZ - NZWN,False
INCOZ - YBMK,INCOZ - NZWN,False
INCOZ - YBRK,INCOZ - NZWN,False
INCOZ - YBSU,INCOZ - NZWN,False
INCOZ - YMHB,INCOZ - NZWN,False
INCOZ - YMLT,INCOZ - NZWN,False
INCOZ - YMML,INCOZ - NZWN,False
INCOZ - YPAD,INCOZ - NZWN,False
INCOZ - YPPH,INCOZ - NZWN,False
INCOZ - YSCB,INCOZ - NZWN,False
INCOZ - YSSY,INCOZ - NZWN,False
INCOZ - NFFN,INCOZ - NZWR,False
INCOZ - NZAA,INCOZ - NZWR,False
INCOZ - NZCH,INCOZ - NZWR,True
INCOZ - NZGS,INCOZ - NZWR,False
INCOZ - NZMF,INCOZ - NZWR,False
INCOZ - NZMJ,INCOZ - NZWR,False
INCOZ - NZNS,INCOZ - NZWR,False
INCOZ - NZNV,INCOZ - NZWR,False
INCOZ - NZQE,INCOZ - NZWR,False
INCOZ - NZQN,INCOZ - NZWR,False
INCOZ - NZRO,INCOZ - NZWR,False
INCOZ - NZTL,INCOZ - NZWR,False
INCOZ - NZWN,INCOZ - NZWR,False
INCOZ - NZWR,INCOZ - NZWR,False
INCOZ - NZWS,INCOZ - NZWR,False
INCOZ - RJAA,INCOZ - NZWR,False
INCOZ - RJCC,INCOZ - NZWR,False
INCOZ - RJOA,INCOZ - NZWR,False
INCOZ - RJOO,INCOZ - NZWR,False
INCOZ - RKPK,INCOZ - NZWR,False
INCOZ - RKSI,INCOZ - NZWR,False
INCOZ - VHHH,INCOZ - NZWR,False
INCOZ - VHHX,INCOZ - NZWR,False
INCOZ - VNKT,INCOZ - NZWR,False
INCOZ - WADD,INCOZ - NZWR,False
INCOZ - WSSS,INCOZ - NZWR,False
INCOZ - YBBN,INCOZ - NZWR,False
INCOZ - YBCG,INCOZ - NZWR,False
INCOZ - YBHM,INCOZ - NZWR,False
INCOZ - YBMK,INCOZ - NZWR,False
INCOZ - YBRK,INCOZ - NZWR,False
INCOZ - YBSU,INCOZ - NZWR,False
INCOZ - YMHB,INCOZ - NZWR,False
INCOZ - YMLT,INCOZ - NZWR,False
INCOZ - YMML,INCOZ - NZWR,False
INCOZ - YPAD,INCOZ - NZWR,False
INCOZ - YPPH,INCOZ - NZWR,False
INCOZ - YSCB,INCOZ - NZWR,False
INCOZ - YSSY,INCOZ - NZWR,False
INCOZ - NFFN,INCOZ - NZWS,False
INCOZ - NZAA,INCOZ - NZWS,False
INCOZ - NZCH,INCOZ - NZWS,True
INCOZ - NZGS,INCOZ - NZWS,False
INCOZ - NZMF,INCOZ - NZWS,False
INCOZ - NZMJ,INCOZ - NZWS,False
INCOZ - NZNS,INCOZ - NZWS,False
INCOZ - NZNV,INCOZ - NZWS,False
INCOZ - NZQE,INCOZ - NZWS,False
INCOZ - NZQN,INCOZ - NZWS,False
INCOZ - NZRO,INCOZ - NZWS,False
INCOZ - NZTL,INCOZ - NZWS,False
INCOZ - NZWN,INCOZ - NZWS,False
INCOZ - NZWR,INCOZ - NZWS,False
INCOZ - NZWS,INCOZ - NZWS,False
INCOZ - RJAA,INCOZ - NZWS,False
INCOZ - RJCC,INCOZ - NZWS,False
INCOZ - RJOA,INCOZ - NZWS,False
INCOZ - RJOO,INCOZ - NZWS,False
INCOZ - RKPK,INCOZ - NZWS,False
INCOZ - RKSI,INCOZ - NZWS,False
INCOZ - VHHH,INCOZ - NZWS,False
INCOZ - VHHX,INCOZ - NZWS,False
INCOZ - VNKT,INCOZ - NZWS,False
INCOZ - WADD,INCOZ - NZWS,False
INCOZ - WSSS,INCOZ - NZWS,False
INCOZ - YBBN,INCOZ - NZWS,False
INCOZ - YBCG,INCOZ - NZWS,False
INCOZ - YBHM,INCOZ - NZWS,False
INCOZ - YBMK,INCOZ - NZWS,False
INCOZ - YBRK,INCOZ - NZWS,False
INCOZ - YBSU,INCOZ - NZWS,False
INCOZ - YMHB,INCOZ - NZWS,False
INCOZ - YMLT,INCOZ - NZWS,False
INCOZ - YMML,INCOZ - NZWS,False
INCOZ - YPAD,INCOZ - NZWS,False
INCOZ - YPPH,INCOZ - NZWS,False
INCOZ - YSCB,INCOZ - NZWS,False
INCOZ - YSSY,INCOZ - NZWS,False
INCOZ - NFFN,INCOZ - RJAA,False
INCOZ - NZAA,INCOZ - RJAA,False
INCOZ - NZCH,INCOZ - RJAA,False
INCOZ - NZGS,INCOZ - RJAA,False
INCOZ - NZMF,INCOZ - RJAA,False
INCOZ - NZMJ,INCOZ - RJAA,False
INCOZ - NZNS,INCOZ - RJAA,False
INCOZ - NZNV,INCOZ - RJAA,False
INCOZ - NZQE,INCOZ - RJAA,False
INCOZ - NZQN,INCOZ - RJAA,False
INCOZ - NZRO,INCOZ - RJAA,False
INCOZ - NZTL,INCOZ - RJAA,False
INCOZ - NZWN,INCOZ - RJAA,False
INCOZ - NZWR,INCOZ - RJAA,False
INCOZ - NZWS,INCOZ - RJAA,False
INCOZ - RJAA,INCOZ - RJAA,False
INCOZ - RJCC,INCOZ - RJAA,False
INCOZ - RJOA,INCOZ - RJAA,False
INCOZ - RJOO,INCOZ - RJAA,False
INCOZ - RKPK,INCOZ - RJAA,False
INCOZ - RKSI,INCOZ - RJAA,False
INCOZ - VHHH,INCOZ - RJAA,False
INCOZ - VHHX,INCOZ - RJAA,False
INCOZ - VNKT,INCOZ - RJAA,False
INCOZ - WADD,INCOZ - RJAA,False
INCOZ - WSSS,INCOZ - RJAA,False
INCOZ - YBBN,INCOZ - RJAA,False
INCOZ - YBCG,INCOZ - RJAA,False
INCOZ - YBHM,INCOZ - RJAA,False
INCOZ - YBMK,INCOZ - RJAA,False
INCOZ - YBRK,INCOZ - RJAA,False
INCOZ - YBSU,INCOZ - RJAA,False
INCOZ - YMHB,INCOZ - RJAA,False
INCOZ - YMLT,INCOZ - RJAA,False
INCOZ - YMML,INCOZ - RJAA,False
INCOZ - YPAD,INCOZ - RJAA,False
INCOZ - YPPH,INCOZ - RJAA,False
INCOZ - YSCB,INCOZ - RJAA,False
INCOZ - YSSY,INCOZ - RJAA,False
INCOZ - NFFN,INCOZ - RJCC,False
INCOZ - NZAA,INCOZ - RJCC,False
INCOZ - NZCH,INCOZ - RJCC,False
INCOZ - NZGS,INCOZ - RJCC,False
INCOZ - NZMF,INCOZ - RJCC,False
INCOZ - NZMJ,INCOZ - RJCC,False
INCOZ - NZNS,INCOZ - RJCC,False
INCOZ - NZNV,INCOZ - RJCC,False
INCOZ - NZQE,INCOZ - RJCC,False
INCOZ - NZQN,INCOZ - RJCC,False
INCOZ - NZRO,INCOZ - RJCC,False
INCOZ - NZTL,INCOZ - RJCC,False
INCOZ - NZWN,INCOZ - RJCC,False
INCOZ - NZWR,INCOZ - RJCC,False
INCOZ - NZWS,INCOZ - RJCC,False
INCOZ - RJAA,INCOZ - RJCC,False
INCOZ - RJCC,INCOZ - RJCC,False
INCOZ - RJOA,INCOZ - RJCC,False
INCOZ - RJOO,INCOZ - RJCC,False
INCOZ - RKPK,INCOZ - RJCC,False
INCOZ - RKSI,INCOZ - RJCC,False
INCOZ - VHHH,INCOZ - RJCC,False
INCOZ - VHHX,INCOZ - RJCC,False
INCOZ - VNKT,INCOZ - RJCC,False
INCOZ - WADD,INCOZ - RJCC,False
INCOZ - WSSS,INCOZ - RJCC,False
INCOZ - YBBN,INCOZ - RJCC,False
INCOZ - YBCG,INCOZ - RJCC,False
INCOZ - YBHM,INCOZ - RJCC,False
INCOZ - YBMK,INCOZ - RJCC,False
INCOZ - YBRK,INCOZ - RJCC,False
INCOZ - YBSU,INCOZ - RJCC,False
INCOZ - YMHB,INCOZ - RJCC,False
INCOZ - YMLT,INCOZ - RJCC,False
INCOZ - YMML,INCOZ - RJCC,False
INCOZ - YPAD,INCOZ - RJCC,False
INCOZ - YPPH,INCOZ - RJCC,False
INCOZ - YSCB,INCOZ - RJCC,False
INCOZ - YSSY,INCOZ - RJCC,False
INCOZ - NFFN,INCOZ - RJOA,False
INCOZ - NZAA,INCOZ - RJOA,False
INCOZ - NZCH,INCOZ - RJOA,False
INCOZ - NZGS,INCOZ - RJOA,False
INCOZ - NZMF,INCOZ - RJOA,False
INCOZ - NZMJ,INCOZ - RJOA,False
INCOZ - NZNS,INCOZ - RJOA,False
INCOZ - NZNV,INCOZ - RJOA,False
INCOZ - NZQE,INCOZ - RJOA,False
INCOZ - NZQN,INCOZ - RJOA,False
INCOZ - NZRO,INCOZ - RJOA,False
INCOZ - NZTL,INCOZ - RJOA,False
INCOZ - NZWN,INCOZ - RJOA,False
INCOZ - NZWR,INCOZ - RJOA,False
INCOZ - NZWS,INCOZ - RJOA,False
INCOZ - RJAA,INCOZ - RJOA,False
INCOZ - RJCC,INCOZ - RJOA,False
INCOZ - RJOA,INCOZ - RJOA,False
INCOZ - RJOO,INCOZ - RJOA,False
INCOZ - RKPK,INCOZ - RJOA,False
INCOZ - RKSI,INCOZ - RJOA,False
INCOZ - VHHH,INCOZ - RJOA,False
INCOZ - VHHX,INCOZ - RJOA,False
INCOZ - VNKT,INCOZ - RJOA,False
INCOZ - WADD,INCOZ - RJOA,False
INCOZ - WSSS,INCOZ - RJOA,False
INCOZ - YBBN,INCOZ - RJOA,False
INCOZ - YBCG,INCOZ - RJOA,False
INCOZ - YBHM,INCOZ - RJOA,False
INCOZ - YBMK,INCOZ - RJOA,False
INCOZ - YBRK,INCOZ - RJOA,False
INCOZ - YBSU,INCOZ - RJOA,False
INCOZ - YMHB,INCOZ - RJOA,False
INCOZ - YMLT,INCOZ - RJOA,False
INCOZ - YMML,INCOZ - RJOA,False
INCOZ - YPAD,INCOZ - RJOA,False
INCOZ - YPPH,INCOZ - RJOA,False
INCOZ - YSCB,INCOZ - RJOA,False
INCOZ - YSSY,INCOZ - RJOA,False
INCOZ - NFFN,INCOZ - RJOO,False
INCOZ - NZAA,INCOZ - RJOO,False
INCOZ - NZCH,INCOZ - RJOO,False
INCOZ - NZGS,INCOZ - RJOO,False
INCOZ - NZMF,INCOZ - RJOO,False
INCOZ - NZMJ,INCOZ - RJOO,False
INCOZ - NZNS,INCOZ - RJOO,False
INCOZ - NZNV,INCOZ - RJOO,False
INCOZ - NZQE,INCOZ - RJOO,False
INCOZ - NZQN,INCOZ - RJOO,False
INCOZ - NZRO,INCOZ - RJOO,False
INCOZ - NZTL,INCOZ - RJOO,False
INCOZ - NZWN,INCOZ - RJOO,False
INCOZ - NZWR,INCOZ - RJOO,False
INCOZ - NZWS,INCOZ - RJOO,False
INCOZ - RJAA,INCOZ - RJOO,False
INCOZ - RJCC,INCOZ - RJOO,False
INCOZ - RJOA,INCOZ - RJOO,False
INCOZ - RJOO,INCOZ - RJOO,False
INCOZ - RKPK,INCOZ - RJOO,False
INCOZ - RKSI,INCOZ - RJOO,False
INCOZ - VHHH,INCOZ - RJOO,False
INCOZ - VHHX,INCOZ - RJOO,False
INCOZ - VNKT,INCOZ - RJOO,False
INCOZ - WADD,INCOZ - RJOO,False
INCOZ - WSSS,INCOZ - RJOO,False
INCOZ - YBBN,INCOZ - RJOO,False
INCOZ - YBCG,INCOZ - RJOO,False
INCOZ - YBHM,INCOZ - RJOO,False
INCOZ - YBMK,INCOZ - RJOO,False
INCOZ - YBRK,INCOZ - RJOO,False
INCOZ - YBSU,INCOZ - RJOO,False
INCOZ - YMHB,INCOZ - RJOO,False
INCOZ - YMLT,INCOZ - RJOO,False
INCOZ - YMML,INCOZ - RJOO,False
INCOZ - YPAD,INCOZ - RJOO,False
INCOZ - YPPH,INCOZ - RJOO,False
INCOZ - YSCB,INCOZ - RJOO,False
INCOZ - YSSY,INCOZ - RJOO,False
INCOZ - NFFN,INCOZ - RKPK,False
INCOZ - NZAA,INCOZ - RKPK,False
INCOZ - NZCH,INCOZ - RKPK,False
INCOZ - NZGS,INCOZ - RKPK,False
INCOZ - NZMF,INCOZ - RKPK,False
INCOZ - NZMJ,INCOZ - RKPK,False
INCOZ - NZNS,INCOZ - RKPK,False
INCOZ - NZNV,INCOZ - RKPK,False
INCOZ - NZQE,INCOZ - RKPK,False
INCOZ - NZQN,INCOZ - RKPK,False
INCOZ - NZRO,INCOZ - RKPK,False
INCOZ - NZTL,INCOZ - RKPK,False
INCOZ - NZWN,INCOZ - RKPK,False
INCOZ - NZWR,INCOZ - RKPK,False
INCOZ - NZWS,INCOZ - RKPK,False
INCOZ - RJAA,INCOZ - RKPK,False
INCOZ - RJCC,INCOZ - RKPK,False
INCOZ - RJOA,INCOZ - RKPK,False
INCOZ - RJOO,INCOZ - RKPK,False
INCOZ - RKPK,INCOZ - RKPK,False
INCOZ - RKSI,INCOZ - RKPK,False
INCOZ - VHHH,INCOZ - RKPK,False
INCOZ - VHHX,INCOZ - RKPK,False
INCOZ - VNKT,INCOZ - RKPK,False
INCOZ - WADD,INCOZ - RKPK,False
INCOZ - WSSS,INCOZ - RKPK,False
INCOZ - YBBN,INCOZ - RKPK,False
INCOZ - YBCG,INCOZ - RKPK,False
INCOZ - YBHM,INCOZ - RKPK,False
INCOZ - YBMK,INCOZ - RKPK,False
INCOZ - YBRK,INCOZ - RKPK,False
INCOZ - YBSU,INCOZ - RKPK,False
INCOZ - YMHB,INCOZ - RKPK,False
INCOZ - YMLT,INCOZ - RKPK,False
INCOZ - YMML,INCOZ - RKPK,False
INCOZ - YPAD,INCOZ - RKPK,False
INCOZ - YPPH,INCOZ - RKPK,False
INCOZ - YSCB,INCOZ - RKPK,False
INCOZ - YSSY,INCOZ - RKPK,False
INCOZ - NFFN,INCOZ - RKSI,False
INCOZ - NZAA,INCOZ - RKSI,False
INCOZ - NZCH,INCOZ - RKSI,False
INCOZ - NZGS,INCOZ - RKSI,False
INCOZ - NZMF,INCOZ - RKSI,False
INCOZ - NZMJ,INCOZ - RKSI,False
INCOZ - NZNS,INCOZ - RKSI,False
INCOZ - NZNV,INCOZ - RKSI,False
INCOZ - NZQE,INCOZ - RKSI,False
INCOZ - NZQN,INCOZ - RKSI,False
INCOZ - NZRO,INCOZ - RKSI,False
INCOZ - NZTL,INCOZ - RKSI,False
INCOZ - NZWN,INCOZ - RKSI,False
INCOZ - NZWR,INCOZ - RKSI,False
INCOZ - NZWS,INCOZ - RKSI,False
INCOZ - RJAA,INCOZ - RKSI,False
INCOZ - RJCC,INCOZ - RKSI,False
INCOZ - RJOA,INCOZ - RKSI,False
INCOZ - RJOO,INCOZ - RKSI,False
INCOZ - RKPK,INCOZ - RKSI,False
INCOZ - RKSI,INCOZ - RKSI,False
INCOZ - VHHH,INCOZ - RKSI,False
INCOZ - VHHX,INCOZ - RKSI,False
INCOZ - VNKT,INCOZ - RKSI,False
INCOZ - WADD,INCOZ - RKSI,False
INCOZ - WSSS,INCOZ - RKSI,False
INCOZ - YBBN,INCOZ - RKSI,False
INCOZ - YBCG,INCOZ - RKSI,False
INCOZ - YBHM,INCOZ - RKSI,False
INCOZ - YBMK,INCOZ - RKSI,False
INCOZ - YBRK,INCOZ - RKSI,False
INCOZ - YBSU,INCOZ - RKSI,False
INCOZ - YMHB,INCOZ - RKSI,False
INCOZ - YMLT,INCOZ - RKSI,False
INCOZ - YMML,INCOZ - RKSI,False
INCOZ - YPAD,INCOZ - RKSI,False
INCOZ - YPPH,INCOZ - RKSI,False
INCOZ - YSCB,INCOZ - RKSI,False
INCOZ - YSSY,INCOZ - RKSI,False
INCOZ - NFFN,INCOZ - VHHH,False
INCOZ - NZAA,INCOZ - VHHH,False
INCOZ - NZCH,INCOZ - VHHH,False
INCOZ - NZGS,INCOZ - VHHH,False
INCOZ - NZMF,INCOZ - VHHH,False
INCOZ - NZMJ,INCOZ - VHHH,False
INCOZ - NZNS,INCOZ - VHHH,False
INCOZ - NZNV,INCOZ - VHHH,False
INCOZ - NZQE,INCOZ - VHHH,False
INCOZ - NZQN,INCOZ - VHHH,False
INCOZ - NZRO,INCOZ - VHHH,False
INCOZ - NZTL,INCOZ - VHHH,False
INCOZ - NZWN,INCOZ - VHHH,False
INCOZ - NZWR,INCOZ - VHHH,False
INCOZ - NZWS,INCOZ - VHHH,False
INCOZ - RJAA,INCOZ - VHHH,False
INCOZ - RJCC,INCOZ - VHHH,False
INCOZ - RJOA,INCOZ - VHHH,False
INCOZ - RJOO,INCOZ - VHHH,False
INCOZ - RKPK,INCOZ - VHHH,False
INCOZ - RKSI,INCOZ - VHHH,False
INCOZ - VHHH,INCOZ - VHHH,False
INCOZ - VHHX,INCOZ - VHHH,False
INCOZ - VNKT,INCOZ - VHHH,False
INCOZ - WADD,INCOZ - VHHH,False
INCOZ - WSSS,INCOZ - VHHH,False
INCOZ - YBBN,INCOZ - VHHH,False
INCOZ - YBCG,INCOZ - VHHH,False
INCOZ - YBHM,INCOZ - VHHH,False
INCOZ - YBMK,INCOZ - VHHH,False
INCOZ - YBRK,INCOZ - VHHH,False
INCOZ - YBSU,INCOZ - VHHH,False
INCOZ - YMHB,INCOZ - VHHH,False
INCOZ - YMLT,INCOZ - VHHH,False
INCOZ - YMML,INCOZ - VHHH,False
INCOZ - YPAD,INCOZ - VHHH,False
INCOZ - YPPH,INCOZ - VHHH,False
INCOZ - YSCB,INCOZ - VHHH,False
INCOZ - YSSY,INCOZ - VHHH,False
INCOZ - NFFN,INCOZ - VHHX,False
INCOZ - NZAA,INCOZ - VHHX,False
INCOZ - NZCH,INCOZ - VHHX,False
INCOZ - NZGS,INCOZ - VHHX,False
INCOZ - NZMF,INCOZ - VHHX,False
INCOZ - NZMJ,INCOZ - VHHX,False
INCOZ - NZNS,INCOZ - VHHX,False
INCOZ - NZNV,INCOZ - VHHX,False
INCOZ - NZQE,INCOZ - VHHX,False
INCOZ - NZQN,INCOZ - VHHX,False
INCOZ - NZRO,INCOZ - VHHX,False
INCOZ - NZTL,INCOZ - VHHX,False
INCOZ - NZWN,INCOZ - VHHX,False
INCOZ - NZWR,INCOZ - VHHX,False
INCOZ - NZWS,INCOZ - VHHX,False
INCOZ - RJAA,INCOZ - VHHX,False
INCOZ - RJCC,INCOZ - VHHX,False
INCOZ - RJOA,INCOZ - VHHX,False
INCOZ - RJOO,INCOZ - VHHX,False
INCOZ - RKPK,INCOZ - VHHX,False
INCOZ - RKSI,INCOZ - VHHX,False
INCOZ - VHHH,INCOZ - VHHX,False
INCOZ - VHHX,INCOZ - VHHX,False
INCOZ - VNKT,INCOZ - VHHX,False
INCOZ - WADD,INCOZ - VHHX,False
INCOZ - WSSS,INCOZ - VHHX,False
INCOZ - YBBN,INCOZ - VHHX,False
INCOZ - YBCG,INCOZ - VHHX,False
INCOZ - YBHM,INCOZ - VHHX,False
INCOZ - YBMK,INCOZ - VHHX,False
INCOZ - YBRK,INCOZ - VHHX,False
INCOZ - YBSU,INCOZ - VHHX,False
INCOZ - YMHB,INCOZ - VHHX,False
INCOZ - YMLT,INCOZ - VHHX,False
INCOZ - YMML,INCOZ - VHHX,False
INCOZ - YPAD,INCOZ - VHHX,False
INCOZ - YPPH,INCOZ - VHHX,False
INCOZ - YSCB,INCOZ - VHHX,False
INCOZ - YSSY,INCOZ - VHHX,False
INCOZ - NFFN,INCOZ - VNKT,False
INCOZ - NZAA,INCOZ - VNKT,False
INCOZ - NZCH,INCOZ - VNKT,False
INCOZ - NZGS,INCOZ - VNKT,False
INCOZ - NZMF,INCOZ - VNKT,False
INCOZ - NZMJ,INCOZ - VNKT,False
INCOZ - NZNS,INCOZ - VNKT,False
INCOZ - NZNV,INCOZ - VNKT,False
INCOZ - NZQE,INCOZ - VNKT,False
INCOZ - NZQN,INCOZ - VNKT,False
INCOZ - NZRO,INCOZ - VNKT,False
INCOZ - NZTL,INCOZ - VNKT,False
INCOZ - NZWN,INCOZ - VNKT,False
INCOZ - NZWR,INCOZ - VNKT,False
INCOZ - NZWS,INCOZ - VNKT,False
INCOZ - RJAA,INCOZ - VNKT,False
INCOZ - RJCC,INCOZ - VNKT,False
INCOZ - RJOA,INCOZ - VNKT,False
INCOZ - RJOO,INCOZ - VNKT,False
INCOZ - RKPK,INCOZ - VNKT,False
INCOZ - RKSI,INCOZ - VNKT,False
INCOZ - VHHH,INCOZ - VNKT,False
INCOZ - VHHX,INCOZ - VNKT,False
INCOZ - VNKT,INCOZ - VNKT,False
INCOZ - WADD,INCOZ - VNKT,False
INCOZ - WSSS,INCOZ - VNKT,False
INCOZ - YBBN,INCOZ - VNKT,False
INCOZ - YBCG,INCOZ - VNKT,False
INCOZ - YBHM,INCOZ - VNKT,False
INCOZ - YBMK,INCOZ - VNKT,False
INCOZ - YBRK,INCOZ - VNKT,False
INCOZ - YBSU,INCOZ - VNKT,False
INCOZ - YMHB,INCOZ - VNKT,False
INCOZ - YMLT,INCOZ - VNKT,False
INCOZ - YMML,INCOZ - VNKT,False
INCOZ - YPAD,INCOZ - VNKT,False
INCOZ - YPPH,INCOZ - VNKT,False
INCOZ - YSCB,INCOZ - VNKT,False
INCOZ - YSSY,INCOZ - VNKT,False
INCOZ - NFFN,INCOZ - WADD,False
INCOZ - NZAA,INCOZ - WADD,False
INCOZ - NZCH,INCOZ - WADD,False
INCOZ - NZGS,INCOZ - WADD,False
INCOZ - NZMF,INCOZ - WADD,False
INCOZ - NZMJ,INCOZ - WADD,False
INCOZ - NZNS,INCOZ - WADD,False
INCOZ - NZNV,INCOZ - WADD,False
INCOZ - NZQE,INCOZ - WADD,False
INCOZ - NZQN,INCOZ - WADD,False
INCOZ - NZRO,INCOZ - WADD,False
INCOZ - NZTL,INCOZ - WADD,False
INCOZ - NZWN,INCOZ - WADD,False
INCOZ - NZWR,INCOZ - WADD,False
INCOZ - NZWS,INCOZ - WADD,False
INCOZ - RJAA,INCOZ - WADD,False
INCOZ - RJCC,INCOZ - WADD,False
INCOZ - RJOA,INCOZ - WADD,False
INCOZ - RJOO,INCOZ - WADD,False
INCOZ - RKPK,INCOZ - WADD,False
INCOZ - RKSI,INCOZ - WADD,False
INCOZ - VHHH,INCOZ - WADD,False
INCOZ - VHHX,INCOZ - WADD,False
INCOZ - VNKT,INCOZ - WADD,False
INCOZ - WADD,INCOZ - WADD,False
INCOZ - WSSS,INCOZ - WADD,False
INCOZ - YBBN,INCOZ - WADD,False
INCOZ - YBCG,INCOZ - WADD,False
INCOZ - YBHM,INCOZ - WADD,False
INCOZ - YBMK,INCOZ - WADD,False
INCOZ - YBRK,INCOZ - WADD,False
INCOZ - YBSU,INCOZ - WADD,False
INCOZ - YMHB,INCOZ - WADD,False
INCOZ - YMLT,INCOZ - WADD,False
INCOZ - YMML,INCOZ - WADD,False
INCOZ - YPAD,INCOZ - WADD,False
INCOZ - YPPH,INCOZ - WADD,False
INCOZ - YSCB,INCOZ - WADD,False
INCOZ - YSSY,INCOZ - WADD,False
INCOZ - NFFN,INCOZ - WSSS,False
INCOZ - NZAA,INCOZ - WSSS,False
INCOZ - NZCH,INCOZ - WSSS,False
INCOZ - NZGS,INCOZ - WSSS,False
INCOZ - NZMF,INCOZ - WSSS,False
INCOZ - NZMJ,INCOZ - WSSS,False
INCOZ - NZNS,INCOZ - WSSS,False
INCOZ - NZNV,INCOZ - WSSS,False
INCOZ - NZQE,INCOZ - WSSS,False
INCOZ - NZQN,INCOZ - WSSS,False
INCOZ - NZRO,INCOZ - WSSS,False
INCOZ - NZTL,INCOZ - WSSS,False
INCOZ - NZWN,INCOZ - WSSS,False
INCOZ - NZWR,INCOZ - WSSS,False
INCOZ - NZWS,INCOZ - WSSS,False
INCOZ - RJAA,INCOZ - WSSS,False
INCOZ - RJCC,INCOZ - WSSS,False
INCOZ - RJOA,INCOZ - WSSS,False
INCOZ - RJOO,INCOZ - WSSS,False
INCOZ - RKPK,INCOZ - WSSS,False
INCOZ - RKSI,INCOZ - WSSS,False
INCOZ - VHHH,INCOZ - WSSS,False
INCOZ - VHHX,INCOZ - WSSS,False
INCOZ - VNKT,INCOZ - WSSS,False
INCOZ - WADD,INCOZ - WSSS,False
INCOZ - WSSS,INCOZ - WSSS,False
INCOZ - YBBN,INCOZ - WSSS,False
INCOZ - YBCG,INCOZ - WSSS,False
INCOZ - YBHM,INCOZ - WSSS,False
INCOZ - YBMK,INCOZ - WSSS,False
INCOZ - YBRK,INCOZ - WSSS,False
INCOZ - YBSU,INCOZ - WSSS,False
INCOZ - YMHB,INCOZ - WSSS,False
INCOZ - YMLT,INCOZ - WSSS,False
INCOZ - YMML,INCOZ - WSSS,False
INCOZ - YPAD,INCOZ - WSSS,False
INCOZ - YPPH,INCOZ - WSSS,False
INCOZ - YSCB,INCOZ - WSSS,False
INCOZ - YSSY,INCOZ - WSSS,False
INCOZ - NFFN,INCOZ - YBBN,False
INCOZ - NZAA,INCOZ - YBBN,False
INCOZ - NZCH,INCOZ - YBBN,False
INCOZ - NZGS,INCOZ - YBBN,False
INCOZ - NZMF,INCOZ - YBBN,False
INCOZ - NZMJ,INCOZ - YBBN,False
INCOZ - NZNS,INCOZ - YBBN,False
INCOZ - NZNV,INCOZ - YBBN,False
INCOZ - NZQE,INCOZ - YBBN,False
INCOZ - NZQN,INCOZ - YBBN,False
INCOZ - NZRO,INCOZ - YBBN,False
INCOZ - NZTL,INCOZ - YBBN,False
INCOZ - NZWN,INCOZ - YBBN,False
INCOZ - NZWR,INCOZ - YBBN,False
INCOZ - NZWS,INCOZ - YBBN,False
INCOZ - RJAA,INCOZ - YBBN,False
INCOZ - RJCC,INCOZ - YBBN,False
INCOZ - RJOA,INCOZ - YBBN,False
INCOZ - RJOO,INCOZ - YBBN,False
INCOZ - RKPK,INCOZ - YBBN,False
INCOZ - RKSI,INCOZ - YBBN,False
INCOZ - VHHH,INCOZ - YBBN,False
INCOZ - VHHX,INCOZ - YBBN,False
INCOZ - VNKT,INCOZ - YBBN,False
INCOZ - WADD,INCOZ - YBBN,False
INCOZ - WSSS,INCOZ - YBBN,False
INCOZ - YBBN,INCOZ - YBBN,False
INCOZ - YBCG,INCOZ - YBBN,False
INCOZ - YBHM,INCOZ - YBBN,False
INCOZ - YBMK,INCOZ - YBBN,False
INCOZ - YBRK,INCOZ - YBBN,False
INCOZ - YBSU,INCOZ - YBBN,False
INCOZ - YMHB,INCOZ - YBBN,False
INCOZ - YMLT,INCOZ - YBBN,False
INCOZ - YMML,INCOZ - YBBN,False
INCOZ - YPAD,INCOZ - YBBN,False
INCOZ - YPPH,INCOZ - YBBN,False
INCOZ - YSCB,INCOZ - YBBN,False
INCOZ - YSSY,INCOZ - YBBN,False
INCOZ - NFFN,INCOZ - YBCG,False
INCOZ - NZAA,INCOZ - YBCG,False
INCOZ - NZCH,INCOZ - YBCG,False
INCOZ - NZGS,INCOZ - YBCG,False
INCOZ - NZMF,INCOZ - YBCG,False
INCOZ - NZMJ,INCOZ - YBCG,False
INCOZ - NZNS,INCOZ - YBCG,False
INCOZ - NZNV,INCOZ - YBCG,False
INCOZ - NZQE,INCOZ - YBCG,False
INCOZ - NZQN,INCOZ - YBCG,False
INCOZ - NZRO,INCOZ - YBCG,False
INCOZ - NZTL,INCOZ - YBCG,False
INCOZ - NZWN,INCOZ - YBCG,False
INCOZ - NZWR,INCOZ - YBCG,False
INCOZ - NZWS,INCOZ - YBCG,False
INCOZ - RJAA,INCOZ - YBCG,False
INCOZ - RJCC,INCOZ - YBCG,False
INCOZ - RJOA,INCOZ - YBCG,False
INCOZ - RJOO,INCOZ - YBCG,False
INCOZ - RKPK,INCOZ - YBCG,False
INCOZ - RKSI,INCOZ - YBCG,False
INCOZ - VHHH,INCOZ - YBCG,False
INCOZ - VHHX,INCOZ - YBCG,False
INCOZ - VNKT,INCOZ - YBCG,False
INCOZ - WADD,INCOZ - YBCG,False
INCOZ - WSSS,INCOZ - YBCG,False
INCOZ - YBBN,INCOZ - YBCG,False
INCOZ - YBCG,INCOZ - YBCG,False
INCOZ - YBHM,INCOZ - YBCG,False
INCOZ - YBMK,INCOZ - YBCG,False
INCOZ - YBRK,INCOZ - YBCG,False
INCOZ - YBSU,INCOZ - YBCG,False
INCOZ - YMHB,INCOZ - YBCG,False
INCOZ - YMLT,INCOZ - YBCG,False
INCOZ - YMML,INCOZ - YBCG,False
INCOZ - YPAD,INCOZ - YBCG,False
INCOZ - YPPH,INCOZ - YBCG,False
INCOZ - YSCB,INCOZ - YBCG,False
INCOZ - YSSY,INCOZ - YBCG,False
INCOZ - NFFN,INCOZ - YBHM,False
INCOZ - NZAA,INCOZ - YBHM,False
INCOZ - NZCH,INCOZ - YBHM,False
INCOZ - NZGS,INCOZ - YBHM,False
INCOZ - NZMF,INCOZ - YBHM,False
INCOZ - NZMJ,INCOZ - YBHM,False
INCOZ - NZNS,INCOZ - YBHM,False
INCOZ - NZNV,INCOZ - YBHM,False
INCOZ - NZQE,INCOZ - YBHM,False
INCOZ - NZQN,INCOZ - YBHM,False
INCOZ - NZRO,INCOZ - YBHM,False
INCOZ - NZTL,INCOZ - YBHM,False
INCOZ - NZWN,INCOZ - YBHM,False
INCOZ - NZWR,INCOZ - YBHM,False
INCOZ - NZWS,INCOZ - YBHM,False
INCOZ - RJAA,INCOZ - YBHM,False
INCOZ - RJCC,INCOZ - YBHM,False
INCOZ - RJOA,INCOZ - YBHM,False
INCOZ - RJOO,INCOZ - YBHM,False
INCOZ - RKPK,INCOZ - YBHM,False
INCOZ - RKSI,INCOZ - YBHM,False
INCOZ - VHHH,INCOZ - YBHM,False
INCOZ - VHHX,INCOZ - YBHM,False
INCOZ - VNKT,INCOZ - YBHM,False
INCOZ - WADD,INCOZ - YBHM,False
INCOZ - WSSS,INCOZ - YBHM,False
INCOZ - YBBN,INCOZ - YBHM,False
INCOZ - YBCG,INCOZ - YBHM,False
INCOZ - YBHM,INCOZ - YBHM,False
INCOZ - YBMK,INCOZ - YBHM,False
INCOZ - YBRK,INCOZ - YBHM,False
INCOZ - YBSU,INCOZ - YBHM,False
INCOZ - YMHB,INCOZ - YBHM,False
INCOZ - YMLT,INCOZ - YBHM,False
INCOZ - YMML,INCOZ - YBHM,False
INCOZ - YPAD,INCOZ - YBHM,False
INCOZ - YPPH,INCOZ - YBHM,False
INCOZ - YSCB,INCOZ - YBHM,False
INCOZ - YSSY,INCOZ - YBHM,False
INCOZ - NFFN,INCOZ - YBMK,False
INCOZ - NZAA,INCOZ - YBMK,False
INCOZ - NZCH,INCOZ - YBMK,False
INCOZ - NZGS,INCOZ - YBMK,False
INCOZ - NZMF,INCOZ - YBMK,False
INCOZ - NZMJ,INCOZ - YBMK,False
INCOZ - NZNS,INCOZ - YBMK,False
INCOZ - NZNV,INCOZ - YBMK,False
INCOZ - NZQE,INCOZ - YBMK,False
INCOZ - NZQN,INCOZ - YBMK,False
INCOZ - NZRO,INCOZ - YBMK,False
INCOZ - NZTL,INCOZ - YBMK,False
INCOZ - NZWN,INCOZ - YBMK,False
INCOZ - NZWR,INCOZ - YBMK,False
INCOZ - NZWS,INCOZ - YBMK,False
INCOZ - RJAA,INCOZ - YBMK,False
INCOZ - RJCC,INCOZ - YBMK,False
INCOZ - RJOA,INCOZ - YBMK,False
INCOZ - RJOO,INCOZ - YBMK,False
INCOZ - RKPK,INCOZ - YBMK,False
INCOZ - RKSI,INCOZ - YBMK,False
INCOZ - VHHH,INCOZ - YBMK,False
INCOZ - VHHX,INCOZ - YBMK,False
INCOZ - VNKT,INCOZ - YBMK,False
INCOZ - WADD,INCOZ - YBMK,False
INCOZ - WSSS,INCOZ - YBMK,False
INCOZ - YBBN,INCOZ - YBMK,False
INCOZ - YBCG,INCOZ - YBMK,False
INCOZ - YBHM,INCOZ - YBMK,False
INCOZ - YBMK,INCOZ - YBMK,False
INCOZ - YBRK,INCOZ - YBMK,False
INCOZ - YBSU,INCOZ - YBMK,False
INCOZ - YMHB,INCOZ - YBMK,False
INCOZ - YMLT,INCOZ - YBMK,False
INCOZ - YMML,INCOZ - YBMK,False
INCOZ - YPAD,INCOZ - YBMK,False
INCOZ - YPPH,INCOZ - YBMK,False
INCOZ - YSCB,INCOZ - YBMK,False
INCOZ - YSSY,INCOZ - YBMK,False
INCOZ - NFFN,INCOZ - YBRK,False
INCOZ - NZAA,INCOZ - YBRK,False
INCOZ - NZCH,INCOZ - YBRK,False
INCOZ - NZGS,INCOZ - YBRK,False
INCOZ - NZMF,INCOZ - YBRK,False
INCOZ - NZMJ,INCOZ - YBRK,False
INCOZ - NZNS,INCOZ - YBRK,False
INCOZ - NZNV,INCOZ - YBRK,False
INCOZ - NZQE,INCOZ - YBRK,False
INCOZ - NZQN,INCOZ - YBRK,False
INCOZ - NZRO,INCOZ - YBRK,False
INCOZ - NZTL,INCOZ - YBRK,False
INCOZ - NZWN,INCOZ - YBRK,False
INCOZ - NZWR,INCOZ - YBRK,False
INCOZ - NZWS,INCOZ - YBRK,False
INCOZ - RJAA,INCOZ - YBRK,False
INCOZ - RJCC,INCOZ - YBRK,False
INCOZ - RJOA,INCOZ - YBRK,False
INCOZ - RJOO,INCOZ - YBRK,False
INCOZ - RKPK,INCOZ - YBRK,False
INCOZ - RKSI,INCOZ - YBRK,False
INCOZ - VHHH,INCOZ - YBRK,False
INCOZ - VHHX,INCOZ - YBRK,False
INCOZ - VNKT,INCOZ - YBRK,False
INCOZ - WADD,INCOZ - YBRK,False
INCOZ - WSSS,INCOZ - YBRK,False
INCOZ - YBBN,INCOZ - YBRK,False
INCOZ - YBCG,INCOZ - YBRK,False
INCOZ - YBHM,INCOZ - YBRK,False
INCOZ - YBMK,INCOZ - YBRK,False
INCOZ - YBRK,INCOZ - YBRK,False
INCOZ - YBSU,INCOZ - YBRK,False
INCOZ - YMHB,INCOZ - YBRK,False
INCOZ - YMLT,INCOZ - YBRK,False
INCOZ - YMML,INCOZ - YBRK,False
INCOZ - YPAD,INCOZ - YBRK,False
INCOZ - YPPH,INCOZ - YBRK,False
INCOZ - YSCB,INCOZ - YBRK,False
INCOZ - YSSY,INCOZ - YBRK,False
INCOZ - NFFN,INCOZ - YBSU,False
INCOZ - NZAA,INCOZ - YBSU,False
INCOZ - NZCH,INCOZ - YBSU,False
INCOZ - NZGS,INCOZ - YBSU,False
INCOZ - NZMF,INCOZ - YBSU,False
INCOZ - NZMJ,INCOZ - YBSU,False
INCOZ - NZNS,INCOZ - YBSU,False
INCOZ - NZNV,INCOZ - YBSU,False
INCOZ - NZQE,INCOZ - YBSU,False
INCOZ - NZQN,INCOZ - YBSU,False
INCOZ - NZRO,INCOZ - YBSU,False
INCOZ - NZTL,INCOZ - YBSU,False
INCOZ - NZWN,INCOZ - YBSU,False
INCOZ - NZWR,INCOZ - YBSU,False
INCOZ - NZWS,INCOZ - YBSU,False
INCOZ - RJAA,INCOZ - YBSU,False
INCOZ - RJCC,INCOZ - YBSU,False
INCOZ - RJOA,INCOZ - YBSU,False
INCOZ - RJOO,INCOZ - YBSU,False
INCOZ - RKPK,INCOZ - YBSU,False
INCOZ - RKSI,INCOZ - YBSU,False
INCOZ - VHHH,INCOZ - YBSU,False
INCOZ - VHHX,INCOZ - YBSU,False
INCOZ - VNKT,INCOZ - YBSU,False
INCOZ - WADD,INCOZ - YBSU,False
INCOZ - WSSS,INCOZ - YBSU,False
INCOZ - YBBN,INCOZ - YBSU,False
INCOZ - YBCG,INCOZ - YBSU,False
INCOZ - YBHM,INCOZ - YBSU,False
INCOZ - YBMK,INCOZ - YBSU,False
INCOZ - YBRK,INCOZ - YBSU,False
INCOZ - YBSU,INCOZ - YBSU,False
INCOZ - YMHB,INCOZ - YBSU,False
INCOZ - YMLT,INCOZ - YBSU,False
INCOZ - YMML,INCOZ - YBSU,False
INCOZ - YPAD,INCOZ - YBSU,False
INCOZ - YPPH,INCOZ - YBSU,False
INCOZ - YSCB,INCOZ - YBSU,False
INCOZ - YSSY,INCOZ - YBSU,False
INCOZ - NFFN,INCOZ - YMHB,False
INCOZ - NZAA,INCOZ - YMHB,False
INCOZ - NZCH,INCOZ - YMHB,False
INCOZ - NZGS,INCOZ - YMHB,False
INCOZ - NZMF,INCOZ - YMHB,False
INCOZ - NZMJ,INCOZ - YMHB,False
INCOZ - NZNS,INCOZ - YMHB,False
INCOZ - NZNV,INCOZ - YMHB,False
INCOZ - NZQE,INCOZ - YMHB,False
INCOZ - NZQN,INCOZ - YMHB,False
INCOZ - NZRO,INCOZ - YMHB,False
INCOZ - NZTL,INCOZ - YMHB,False
INCOZ - NZWN,INCOZ - YMHB,False
INCOZ - NZWR,INCOZ - YMHB,False
INCOZ - NZWS,INCOZ - YMHB,False
INCOZ - RJAA,INCOZ - YMHB,False
INCOZ - RJCC,INCOZ - YMHB,False
INCOZ - RJOA,INCOZ - YMHB,False
INCOZ - RJOO,INCOZ - YMHB,False
INCOZ - RKPK,INCOZ - YMHB,False
INCOZ - RKSI,INCOZ - YMHB,False
INCOZ - VHHH,INCOZ - YMHB,False
INCOZ - VHHX,INCOZ - YMHB,False
INCOZ - VNKT,INCOZ - YMHB,False
INCOZ - WADD,INCOZ - YMHB,False
INCOZ - WSSS,INCOZ - YMHB,False
INCOZ - YBBN,INCOZ - YMHB,False
INCOZ - YBCG,INCOZ - YMHB,False
INCOZ - YBHM,INCOZ - YMHB,False
INCOZ - YBMK,INCOZ - YMHB,False
INCOZ - YBRK,INCOZ - YMHB,False
INCOZ - YBSU,INCOZ - YMHB,False
INCOZ - YMHB,INCOZ - YMHB,False
INCOZ - YMLT,INCOZ - YMHB,False
INCOZ - YMML,INCOZ - YMHB,False
INCOZ - YPAD,INCOZ - YMHB,False
INCOZ - YPPH,INCOZ - YMHB,False
INCOZ - YSCB,INCOZ - YMHB,False
INCOZ - YSSY,INCOZ - YMHB,False
INCOZ - NFFN,INCOZ - YMLT,False
INCOZ - NZAA,INCOZ - YMLT,False
INCOZ - NZCH,INCOZ - YMLT,False
INCOZ - NZGS,INCOZ - YMLT,False
INCOZ - NZMF,INCOZ - YMLT,False
INCOZ - NZMJ,INCOZ - YMLT,False
INCOZ - NZNS,INCOZ - YMLT,False
INCOZ - NZNV,INCOZ - YMLT,False
INCOZ - NZQE,INCOZ - YMLT,False
INCOZ - NZQN,INCOZ - YMLT,False
INCOZ - NZRO,INCOZ - YMLT,False
INCOZ - NZTL,INCOZ - YMLT,False
INCOZ - NZWN,INCOZ - YMLT,False
INCOZ - NZWR,INCOZ - YMLT,False
INCOZ - NZWS,INCOZ - YMLT,False
INCOZ - RJAA,INCOZ - YMLT,False
INCOZ - RJCC,INCOZ - YMLT,False
INCOZ - RJOA,INCOZ - YMLT,False
INCOZ - RJOO,INCOZ - YMLT,False
INCOZ - RKPK,INCOZ - YMLT,False
INCOZ - RKSI,INCOZ - YMLT,False
INCOZ - VHHH,INCOZ - YMLT,False
INCOZ - VHHX,INCOZ - YMLT,False
INCOZ - VNKT,INCOZ - YMLT,False
INCOZ - WADD,INCOZ - YMLT,False
INCOZ - WSSS,INCOZ - YMLT,False
INCOZ - YBBN,INCOZ - YMLT,False
INCOZ - YBCG,INCOZ - YMLT,False
INCOZ - YBHM,INCOZ - YMLT,False
INCOZ - YBMK,INCOZ - YMLT,False
INCOZ - YBRK,INCOZ - YMLT,False
INCOZ - YBSU,INCOZ - YMLT,False
INCOZ - YMHB,INCOZ - YMLT,False
INCOZ - YMLT,INCOZ - YMLT,False
INCOZ - YMML,INCOZ - YMLT,False
INCOZ - YPAD,INCOZ - YMLT,False
INCOZ - YPPH,INCOZ - YMLT,False
INCOZ - YSCB,INCOZ - YMLT,False
INCOZ - YSSY,INCOZ - YMLT,False
INCOZ - NFFN,INCOZ - YMML,False
INCOZ - NZAA,INCOZ - YMML,False
INCOZ - NZCH,INCOZ - YMML,False
INCOZ - NZGS,INCOZ - YMML,False
INCOZ - NZMF,INCOZ - YMML,False
INCOZ - NZMJ,INCOZ - YMML,False
INCOZ - NZNS,INCOZ - YMML,False
INCOZ - NZNV,INCOZ - YMML,False
INCOZ - NZQE,INCOZ - YMML,False
INCOZ - NZQN,INCOZ - YMML,False
INCOZ - NZRO,INCOZ - YMML,False
INCOZ - NZTL,INCOZ - YMML,False
INCOZ - NZWN,INCOZ - YMML,False
INCOZ - NZWR,INCOZ - YMML,False
INCOZ - NZWS,INCOZ - YMML,False
INCOZ - RJAA,INCOZ - YMML,False
INCOZ - RJCC,INCOZ - YMML,False
INCOZ - RJOA,INCOZ - YMML,False
INCOZ - RJOO,INCOZ - YMML,False
INCOZ - RKPK,INCOZ - YMML,False
INCOZ - RKSI,INCOZ - YMML,False
INCOZ - VHHH,INCOZ - YMML,False
INCOZ - VHHX,INCOZ - YMML,False
INCOZ - VNKT,INCOZ - YMML,False
INCOZ - WADD,INCOZ - YMML,False
INCOZ - WSSS,INCOZ - YMML,False
INCOZ - YBBN,INCOZ - YMML,False
INCOZ - YBCG,INCOZ - YMML,False
INCOZ - YBHM,INCOZ - YMML,False
INCOZ - YBMK,INCOZ - YMML,False
INCOZ - YBRK,INCOZ - YMML,False
INCOZ - YBSU,INCOZ - YMML,False
INCOZ - YMHB,INCOZ - YMML,False
INCOZ - YMLT,INCOZ - YMML,False
INCOZ - YMML,INCOZ - YMML,False
INCOZ - YPAD,INCOZ - YMML,False
INCOZ - YPPH,INCOZ - YMML,False
INCOZ - YSCB,INCOZ - YMML,False
INCOZ - YSSY,INCOZ - YMML,False
INCOZ - NFFN,INCOZ - YPAD,False
INCOZ - NZAA,INCOZ - YPAD,False
INCOZ - NZCH,INCOZ - YPAD,False
INCOZ - NZGS,INCOZ - YPAD,False
INCOZ - NZMF,INCOZ - YPAD,False
INCOZ - NZMJ,INCOZ - YPAD,False
INCOZ - NZNS,INCOZ - YPAD,False
INCOZ - NZNV,INCOZ - YPAD,False
INCOZ - NZQE,INCOZ - YPAD,False
INCOZ - NZQN,INCOZ - YPAD,False
INCOZ - NZRO,INCOZ - YPAD,False
INCOZ - NZTL,INCOZ - YPAD,False
INCOZ - NZWN,INCOZ - YPAD,False
INCOZ - NZWR,INCOZ - YPAD,False
INCOZ - NZWS,INCOZ - YPAD,False
INCOZ - RJAA,INCOZ - YPAD,False
INCOZ - RJCC,INCOZ - YPAD,False
INCOZ - RJOA,INCOZ - YPAD,False
INCOZ - RJOO,INCOZ - YPAD,False
INCOZ - RKPK,INCOZ - YPAD,False
INCOZ - RKSI,INCOZ - YPAD,False
INCOZ - VHHH,INCOZ - YPAD,False
INCOZ - VHHX,INCOZ - YPAD,False
INCOZ - VNKT,INCOZ - YPAD,False
INCOZ - WADD,INCOZ - YPAD,False
INCOZ - WSSS,INCOZ - YPAD,False
INCOZ - YBBN,INCOZ - YPAD,False
INCOZ - YBCG,INCOZ - YPAD,False
INCOZ - YBHM,INCOZ - YPAD,False
INCOZ - YBMK,INCOZ - YPAD,False
INCOZ - YBRK,INCOZ - YPAD,False
INCOZ - YBSU,INCOZ - YPAD,False
INCOZ - YMHB,INCOZ - YPAD,False
INCOZ - YMLT,INCOZ - YPAD,False
INCOZ - YMML,INCOZ - YPAD,False
INCOZ - YPAD,INCOZ - YPAD,False
INCOZ - YPPH,INCOZ - YPAD,False
INCOZ - YSCB,INCOZ - YPAD,False
INCOZ - YSSY,INCOZ - YPAD,False
INCOZ - NFFN,INCOZ - YPPH,False
INCOZ - NZAA,INCOZ - YPPH,False
INCOZ - NZCH,INCOZ - YPPH,False
INCOZ - NZGS,INCOZ - YPPH,False
INCOZ - NZMF,INCOZ - YPPH,False
INCOZ - NZMJ,INCOZ - YPPH,False
INCOZ - NZNS,INCOZ - YPPH,False
INCOZ - NZNV,INCOZ - YPPH,False
INCOZ - NZQE,INCOZ - YPPH,False
INCOZ - NZQN,INCOZ - YPPH,False
INCOZ - NZRO,INCOZ - YPPH,False
INCOZ - NZTL,INCOZ - YPPH,False
INCOZ - NZWN,INCOZ - YPPH,False
INCOZ - NZWR,INCOZ - YPPH,False
INCOZ - NZWS,INCOZ - YPPH,False
INCOZ - RJAA,INCOZ - YPPH,False
INCOZ - RJCC,INCOZ - YPPH,False
INCOZ - RJOA,INCOZ - YPPH,False
INCOZ - RJOO,INCOZ - YPPH,False
INCOZ - RKPK,INCOZ - YPPH,False
INCOZ - RKSI,INCOZ - YPPH,False
INCOZ - VHHH,INCOZ - YPPH,False
INCOZ - VHHX,INCOZ - YPPH,False
INCOZ - VNKT,INCOZ - YPPH,False
INCOZ - WADD,INCOZ - YPPH,False
INCOZ - WSSS,INCOZ - YPPH,False
INCOZ - YBBN,INCOZ - YPPH,False
INCOZ - YBCG,INCOZ - YPPH,False
INCOZ - YBHM,INCOZ - YPPH,False
INCOZ - YBMK,INCOZ - YPPH,False
INCOZ - YBRK,INCOZ - YPPH,False
INCOZ - YBSU,INCOZ - YPPH,False
INCOZ - YMHB,INCOZ - YPPH,False
INCOZ - YMLT,INCOZ - YPPH,False
INCOZ - YMML,INCOZ - YPPH,False
INCOZ - YPAD,INCOZ - YPPH,False
INCOZ - YPPH,INCOZ - YPPH,False
INCOZ - YSCB,INCOZ - YPPH,False
INCOZ - YSSY,INCOZ - YPPH,False
INCOZ - NFFN,INCOZ - YSCB,False
INCOZ - NZAA,INCOZ - YSCB,False
INCOZ - NZCH,INCOZ - YSCB,False
INCOZ - NZGS,INCOZ - YSCB,False
INCOZ - NZMF,INCOZ - YSCB,False
INCOZ - NZMJ,INCOZ - YSCB,False
INCOZ - NZNS,INCOZ - YSCB,False
INCOZ - NZNV,INCOZ - YSCB,False
INCOZ - NZQE,INCOZ - YSCB,False
INCOZ - NZQN,INCOZ - YSCB,False
INCOZ - NZRO,INCOZ - YSCB,False
INCOZ - NZTL,INCOZ - YSCB,False
INCOZ - NZWN,INCOZ - YSCB,False
INCOZ - NZWR,INCOZ - YSCB,False
INCOZ - NZWS,INCOZ - YSCB,False
INCOZ - RJAA,INCOZ - YSCB,False
INCOZ - RJCC,INCOZ - YSCB,False
INCOZ - RJOA,INCOZ - YSCB,False
INCOZ - RJOO,INCOZ - YSCB,False
INCOZ - RKPK,INCOZ - YSCB,False
INCOZ - RKSI,INCOZ - YSCB,False
INCOZ - VHHH,INCOZ - YSCB,False
INCOZ - VHHX,INCOZ - YSCB,False
INCOZ - VNKT,INCOZ - YSCB,False
INCOZ - WADD,INCOZ - YSCB,False
INCOZ - WSSS,INCOZ - YSCB,False
INCOZ - YBBN,INCOZ - YSCB,False
INCOZ - YBCG,INCOZ - YSCB,False
INCOZ - YBHM,INCOZ - YSCB,False
INCOZ - YBMK,INCOZ - YSCB,False
INCOZ - YBRK,INCOZ - YSCB,False
INCOZ - YBSU,INCOZ - YSCB,False
INCOZ - YMHB,INCOZ - YSCB,False
INCOZ - YMLT,INCOZ - YSCB,False
INCOZ - YMML,INCOZ - YSCB,False
INCOZ - YPAD,INCOZ - YSCB,False
INCOZ - YPPH,INCOZ - YSCB,False
INCOZ - YSCB,INCOZ - YSCB,False
INCOZ - YSSY,INCOZ - YSCB,False
INCOZ - NFFN,INCOZ - YSSY,False
INCOZ - NZAA,INCOZ - YSSY,False
INCOZ - NZCH,INCOZ - YSSY,False
INCOZ - NZGS,INCOZ - YSSY,False
INCOZ - NZMF,INCOZ - YSSY,False
INCOZ - NZMJ,INCOZ - YSSY,False
INCOZ - NZNS,INCOZ - YSSY,False
INCOZ - NZNV,INCOZ - YSSY,False
INCOZ - NZQE,INCOZ - YSSY,False
INCOZ - NZQN,INCOZ - YSSY,False
INCOZ - NZRO,INCOZ - YSSY,False
INCOZ - NZTL,INCOZ - YSSY,False
INCOZ - NZWN,INCOZ - YSSY,False
INCOZ - NZWR,INCOZ - YSSY,False
INCOZ - NZWS,INCOZ - YSSY,False
INCOZ - RJAA,INCOZ - YSSY,False
INCOZ - RJCC,INCOZ - YSSY,False
INCOZ - RJOA,INCOZ - YSSY,False
INCOZ - RJOO,INCOZ - YSSY,False
INCOZ - RKPK,INCOZ - YSSY,False
INCOZ - RKSI,INCOZ - YSSY,False
INCOZ - VHHH,INCOZ - YSSY,False
INCOZ - VHHX,INCOZ - YSSY,False
INCOZ - VNKT,INCOZ - YSSY,False
INCOZ - WADD,INCOZ - YSSY,False
INCOZ - WSSS,INCOZ - YSSY,False
INCOZ - YBBN,INCOZ - YSSY,False
INCOZ - YBCG,INCOZ - YSSY,False
INCOZ - YBHM,INCOZ - YSSY,False
INCOZ - YBMK,INCOZ - YSSY,False
INCOZ - YBRK,INCOZ - YSSY,False
INCOZ - YBSU,INCOZ - YSSY,False
INCOZ - YMHB,INCOZ - YSSY,False
INCOZ - YMLT,INCOZ - YSSY,False
INCOZ - YMML,INCOZ - YSSY,False
INCOZ - YPAD,INCOZ - YSSY,False
INCOZ - YPPH,INCOZ - YSSY,False
INCOZ - YSCB,INCOZ - YSSY,False
INCOZ - YSSY,INCOZ - YSSY,False
